1,1,1,Global,New Year's Day
2,1,1,National,Bloody Mary Day
3,1,1,National,National Hangover Day
4,1,2,Global,World Introvert Day
5,1,2,National,National Buffet Day
6,1,2,National,National Cream Puff Day
7,1,2,National,National Personal Trainer Awareness Day
8,1,2,National,National Science Fiction Day
9,1,3,National,National Chocolate Covered Cherry Day
10,1,3,National,National Drinking Straw Day
11,1,3,National,National Fruitcake Toss Day
12,1,4,Global,World Braille Day
13,1,4,Global,World Hypnotism Day
14,1,4,National,National Missouri Day
15,1,4,National,National Spaghetti Day
16,1,4,National,National Trivia Day
17,1,5,National,National Bird Day
18,1,5,National,National Keto Day
19,1,5,National,National Screenwriters Day
20,1,5,National,National Whipped Cream Day
21,1,6,National,National Bean Day
22,1,6,National,National Cuddle Up Day
23,1,6,National,National Shortbread Day
24,1,6,National,National Technology Day
25,1,7,National,National Bobblehead Day
26,1,7,National,National Tempura Day
27,1,8,National,National Argyle Day
28,1,8,National,National Bubble Bath Day
29,1,8,National,National English Toffee Day
30,1,8,National,National JoyGerm Day
31,1,8,National,National Winter Skin Relief Day
32,1,9,National,National Apricot Day
33,1,9,National,National Balloon Ascension Day
34,1,9,National,National Law Enforcement Appreciation Day
35,1,9,National,National Static Electricity Day
36,1,10,National,National Bittersweet Chocolate Day
37,1,10,National,National Cut Your Energy Costs Day
38,1,10,National,National Oysters Rockefeller Day
39,1,10,National,National Save The Eagles Day
40,1,10,National,National Sunday Supper Day – Second Sunday in January
41,1,11,National,National Arkansas Day
42,1,11,National,National Human Trafficking Awareness Day
43,1,11,National,National Milk Day
44,1,11,National,National Step in a Puddle and Splash Your Friends Day
45,1,11,National,National Clean Off Your Desk Day – Second Monday in January
46,1,12,National,National Curried Chicken Day
47,1,12,National,National Kiss A Ginger Day
48,1,12,National,National Marzipan Day
49,1,12,National,National Pharmacist Day
50,1,13,National,Korean American Day
51,1,13,National,National Peach Melba Day
52,1,13,National,National Rubber Ducky Day
53,1,13,National,Stephen Foster Memorial Day
54,1,13,National,National Sticker Day
55,1,14,National,National Dress Up Your Pet Day
56,1,14,National,National Hot Pastrami Sandwich Day
57,1,14,National,Ratification Day
58,1,15,Global,Museum Selfie Day
59,1,15,National,National Bagel Day
60,1,15,National,National Booch Day
61,1,15,National,National Hat Day
62,1,15,National,National Strawberry Ice Cream Day
63,1,16,Global,International Hot and Spicy Food Day
64,1,16,National,National Fig Newton Day
65,1,16,National,National Nothing Day
66,1,16,National,National Religious Freedom Day
67,1,16,National,National Without a Scalpel Day
68,1,17,National,National Bootlegger’s Day
69,1,17,National,National Hot Buttered Rum Day
70,1,18,National,National Michigan Day
71,1,18,National,National Peking Duck Day
72,1,18,National,National Thesaurus Day
73,1,18,National,National Winnie The Pooh Day
74,1,19,Global,World Quark Day
75,1,19,National,World Quark Day
76,1,19,National,National Popcorn Day
77,1,20,National,National Buttercrunch Day
78,1,20,National,National Cheese Lover’s Day
79,1,20,National,National Disc Jockey Day.
80,1,21,Global,International Sweatpants Day
81,1,21,National,National Granola Bar Day
82,1,21,National,National Hugging Day
83,1,21,National,Squirrel Appreciation Day
84,1,22,National,National Blonde Brownie Day
85,1,22,National,Celebration of Life Day
86,1,22,National,National Sanctity of Life Day
87,1,23,National,National Handwriting Day
88,1,23,National,National Pie Day
89,1,24,Global,International Day of Education
90,1,24,National,Beer Can Appreciation Day
91,1,24,National,National Compliment Day
92,1,24,National,National Peanut Butter Day
93,1,25,Global,Burns Supper
94,1,25,National,National Florida Day
95,1,25,National,National Irish Coffee Day
96,1,25,National,National Opposite Day
97,1,26,Global,Australia Day
98,1,26,Global,International Customs Day
99,1,26,National,National Green Juice Day
100,1,26,National,National Peanut Brittle Day
101,1,26,National,National Spouses Day
102,1,27,Global,International Day of Commemoration in Memory of the Victims of the Holocaust
103,1,27,Global,World Breast Pumping Day
104,1,27,National,National Chocolate Cake Day
105,1,28,Global,Global Community Engagement Day
106,1,28,National,National Blueberry Pancake Day
107,1,28,National,Data Privacy Day
108,1,28,National,National Have Fun At Work Day
109,1,28,National,National Kazoo Day
110,1,29,National,National Corn Chip Day
111,1,29,National,National Puzzle Day
112,1,30,National,National Croissant Day
113,1,31,National,National Backward Day
114,1,31,National,National Hot Chocolate Day
115,1,31,National,National Inspire Your Heart With Art Day
116,2,1,National,National Baked Alaska Day
117,2,1,National,National Freedom Day (Freedom From Slavery)
118,2,1,National,National Get Up Day
119,2,1,National,National Serpent Day
120,2,1,National,National Texas Day
121,2,2,Global,World Play Your Ukulele Day
122,2,2,Global,World Wetlands Day
123,2,2,National,National Heavenly Hash Day
124,2,2,National,National Tater Tot Day
125,2,2,National,National Groundhog Day
126,2,3,National,National Carrot Cake Day
127,2,3,National,National Day the Music Died Day
128,2,3,National,National Missing Persons Day
129,2,3,National,National Women Physicians Day
130,2,4,Global,World Cancer Day
131,2,4,National,National Create a Vacuum day
132,2,4,National,National Hemp Day
133,2,4,National,National Homemade Soup Day
134,2,4,National,National Thank a Mail Carrier Day
135,2,5,Global,World Nutella Day
136,2,5,National,National Shower with  a Friend Day
137,2,5,National,National Weatherperson’s Day
138,2,5,National,World Nutella Day
139,2,6,Global,International Day of Zero Tolerance to Female Genital Mutilation
140,2,6,National,National Frozen Yogurt Day
141,2,6,National,National Lame Duck Day
142,2,6,National,National Chopsticks Day
143,2,7,National,National Fettuccine Alfredo Day
144,2,7,National,National Periodic Table Day
145,2,7,National,National Send a Card to a Friend Day
146,2,8,National,National Boy Scouts Day
147,2,8,National,National Kite Flying Day
148,2,8,National,National Iowa Day
149,2,9,National,National Cut the Cord Day
150,2,9,National,National Bagel and Lox Day
151,2,9,National,National Pizza Day
152,2,9,National,National Toothache Day
153,2,10,Global,Plimsoll Day
154,2,10,Global,World Pulses Day
155,2,10,National,National Cream Cheese Brownie Day
156,2,10,National,National Home Warranty Day
157,2,10,National,National Umbrella Day
158,2,11,Global,International Day of Women and Girls in Science
159,2,11,National,National Don’t Cry Over Spilled Milk Day
160,2,11,National,National Inventors’ Day
161,2,11,National,National Make a Friend Day
162,2,11,National,National Peppermint Patty Day
163,2,11,National,National Shut-In Visitation Day
164,2,11,National,National White Shirt Day
165,2,12,National,National Plum Pudding Day
166,2,13,Global,World Radio Day
167,2,13,National,Galentine’s Day
168,2,13,National,National Break Up With Your Carrier Day
169,2,13,National,National Cheddar Day
170,2,13,National,National Tortellini Day
171,2,14,Global,International Book Giving Day
172,2,14,National,National Cream-Filled Chocolates Day
173,2,14,National,National Ferris Wheel Day
174,2,14,National,National Organ Donor Day
175,2,14,National,Valentines Day
176,2,15,Global,World Hippo Day
177,2,15,Global,International Childhood Cancer Day
178,2,15,National,National Gumdrop Day
179,2,15,National,Singles Awareness Day
180,2,15,National,National Wisconsin Day
181,2,16,National,National Almond Day
182,2,16,National,National Do A Grouch a Favor Day
183,2,17,National,National Random Acts of Kindness Day
184,2,17,National,National Cabbage Day
185,2,18,Global,Pluto Day
186,2,18,National,National Battery Day
187,2,18,National,National Crab Stuffed Flounder Day
188,2,18,National,National Drink Wine Day
189,2,19,National,National Chocolate Mint Day
190,2,19,National,National Lash Day
191,2,19,National,National Vet Girls RISE Day
192,2,20,Global,World Day of Social Justice
193,2,20,National,National Cherry Pie Day
194,2,20,National,National Love Your Pet Day
195,2,20,National,National Muffin Day
196,2,21,Global,International Mother Language Day
197,2,21,National,National Grain-Free Day
198,2,21,National,National Sticky Bun Day
199,2,22,National,National California Day
200,2,22,National,National Cook a Sweet Potato Day
201,2,22,National,National Margarita Day
202,2,23,National,National Banana Bread Day
203,2,23,National,National Dog Biscuit Day
204,2,23,National,National Tile Day
205,2,24,Global,World Bartender Day
206,2,24,National,National Tortilla Chip Day
207,2,25,National,National Chocolate Covered Nut Day
208,2,25,National,National Clam Chowder Day
209,2,26,National,National Pistachio Day
210,2,26,National,National Tell a Fairy Tale Day
211,2,27,Global,World NGO Day
212,2,27,Global,Anosmia Awareness Day
213,2,27,National,Anosmia Awareness Day
214,2,27,National,National Kahlua Day
215,2,27,National,National Retro Day
216,2,27,National,National Strawberry Day
217,2,27,National,National Polar Bear Day
218,2,28,National,National Chocolate Souffle Day
219,2,28,National,National Floral Design Day
220,2,28,National,National Public Sleeping Day
221,2,28,National,Tartar Sauce Day
222,2,28,National,National Tooth Fairy Day
223,2,29,National,National Time Refund Day
224,2,29,National,Leap Year!
225,3,1,Global,Zero Discrimination Day
226,3,1,National,National Dadgum That’s Good Day
227,3,1,National,National Fruit Compote Day
228,3,1,National,National Horse Protection Day
229,3,1,National,National Minnesota Day
230,3,1,National,National Peanut Butter Lover’s Day
231,3,1,National,National Pig Day
232,3,1,National,Self-Injury Awareness Day
233,3,2,Global,World Teen Mental Wellness Day
234,3,2,National,National Banana Cream Pie Day
235,3,2,National,National Old Stuff Day
236,3,2,National,National Read Across America Day (Dr. Seuss Day)
237,3,3,Global,World Wildlife Day
238,3,3,National,National Anthem Day
239,3,3,National,National Cold Cuts Day
240,3,3,National,National I Want You to be Happy Day
241,3,3,National,National Mulled Wine Day
242,3,3,National,Soup It Forward Day
243,3,4,National,National Grammar Day
244,3,4,National,National Hug a G.I. Day
245,3,4,National,Marching Music Day
246,3,4,National,National Pound Cake Day
247,3,4,National,National Sons Day
248,3,5,National,National Absinthe Day
249,3,5,National,National Cheese Doodle Day
250,3,5,National,National Multiple Personality Day
251,3,6,National,National Dentist’s Day
252,3,6,National,National Dress Day
253,3,6,National,National Frozen Food Day
254,3,6,National,National Oreo Cookie Day
255,3,6,National,National White Chocolate Cheesecake Day
256,3,7,National,National Flapjack Day
257,3,7,National,National Be Heard  Day
258,3,7,National,National Cereal Day
259,3,7,National,National Crown of Roast Pork Day
260,3,8,Global,International Women’s Day
261,3,8,National,International Women’s Day
262,3,8,National,National Oregon Day
263,3,8,National,National Peanut Cluster Day
264,3,8,National,National Proofreading Day
265,3,9,National,National Barbie Day
266,3,9,National,National Crabmeat Day
267,3,9,National,National Get Over it Day
268,3,9,National,National Meatball Day
269,3,10,National,National Blueberry Popover Day
270,3,10,National,National Mario Day
271,3,10,National,National Pack Your Lunch Day
272,3,10,National,National Women and Girls HIV/AIDS Awareness Day
273,3,11,Global,World Plumbing Day
274,3,11,National,National 311 Day
275,3,11,National,National Funeral Director and Mortician Recognition Day
276,3,11,National,National Johnny Appleseed Day
277,3,11,National,National Oatmeal Nut Waffles Day
278,3,11,National,National Promposal Day
279,3,11,National,National Worship of Tools Day
280,3,12,National,National Baked Scallops Day
281,3,12,National,National Girl Scout Day
282,3,12,National,National Plant a Flower Day
283,3,13,National,National Good Samaritan Day
284,3,13,National,National Coconut Torte Day
285,3,13,National,National Earmuff Day
286,3,13,National,National Jewel Day
287,3,13,National,National K9 Veterans Day
288,3,13,National,National Open an Umbrella Indoors Day
289,3,14,Global,International Day of Mathematics
290,3,14,National,National Children’s Craft Day
291,3,14,National,National Learn About Butterflies Day
292,3,14,National,National Pi Day
293,3,14,National,National Potato Chip Day
294,3,14,National,National Write Down Your Story Day
295,3,15,Global,World Consumer Rights Day
296,3,15,Global,World Contact Day
297,3,15,National,National Everything You Think is Wrong Day
298,3,15,National,National Kansas Day
299,3,15,National,National Pears Helene Day
300,3,15,National,National Shoe the World Day
301,3,16,National,National Artichoke Hearts Day
302,3,16,National,Everything You Do Is Right Day
303,3,16,National,National Freedom of Information Day
304,3,16,National,National Panda Day
305,3,17,National,National Corned Beef and Cabbage Day
306,3,17,National,St. Patrick’s Day
307,3,18,National,National Awkward Moments Day
308,3,18,National,National Biodiesel Day
309,3,18,National,National Lacy Oatmeal Cookie Day
310,3,18,National,National Sloppy Joe Day
311,3,18,National,National Supreme Sacrifice Day
312,3,19,Global,International Read To Me Day
313,3,19,National,National Certified Nurses Day
314,3,19,National,National Chocolate Caramel Day
315,3,19,National,National Let’s Laugh Day
316,3,19,National,National Poultry Day
317,3,20,Global,World Flour Day
318,3,20,Global,International Day of Happiness
319,3,20,Global,French Language Day
320,3,20,Global,World Oral Health Day
321,3,20,National,National Native HIV/AIDS Awareness Day
322,3,20,National,National Proposal Day
323,3,20,National,National Ravioli Day
324,3,21,Global,World Down Syndrome Day
325,3,21,Global,World Poetry Day
326,3,21,Global,International Day of Nowruz
327,3,21,Global,International Day of Forests
328,3,21,Global,World Puppetry Day
329,3,21,National,National California Strawberry Day
330,3,21,National,National Common Courtesy Day
331,3,21,National,National Countdown Day
332,3,21,National,National Fragrance Day
333,3,21,National,National French Bread Day
334,3,21,National,National Single Parent Day
335,3,21,National,World Down Syndrome Day
336,3,22,Global,World Water Day
337,3,22,National,National Bavarian Crepes Day
338,3,22,National,National Goof Off Day
339,3,22,National,National West Virginia Day
340,3,23,National,National Chia Day
341,3,23,National,National Chip and Dip Day
342,3,23,National,National Near Miss Day
343,3,23,National,National Melba Toast Day
344,3,23,National,National Puppy Day
345,3,24,Global,World Tuberculosis Day
346,3,24,Global,International Day for the Right to the Truth concerning Human Rights Violations and for the Dignity of Victims
347,3,24,National,National Chocolate Covered Raisin Day
348,3,24,National,National Cheesesteak Day
349,3,25,Global,International Day of Remembrance of the Victims of Slavery and the Transatlantic Slave Trade
350,3,25,Global,International Day of Solidarity with Detained and Missing Staff Members
351,3,25,National,National Lobster Newburg Day
352,3,25,National,National Medal of Honor Day
353,3,25,National,National Tolkien Reading Day
354,3,26,National,Epilepsy Awareness Day – Purple Day
355,3,26,National,National Nougat Day
356,3,26,National,National Spinach Day
357,3,27,Global,World Theatre Day
358,3,27,Global,International Medical Science Liaison Day
359,3,27,Global,International Whisk(e)y Day
360,3,27,National,International Medical Science Liaison Day
361,3,27,National,National Joe Day
362,3,27,National,National Scribble Day
363,3,27,National,National Spanish Paella Day
364,3,28,Global,Earth Hour
365,3,28,National,National Black Forest Cake Day
366,3,28,National,National Something on a Stick Day
367,3,28,National,National Triglycerides Day
368,3,28,National,National Weed Appreciation Day
369,3,29,National,National Lemon Chiffon Cake Day
370,3,29,National,National Mom and Pop Business Owners Day
371,3,29,National,National Nevada Day
372,3,29,National,National Vietnam War Veterans Day
373,3,30,Global,World Bipolar Day
374,3,30,National,National Take a Walk in the Park Day
375,3,30,National,National Doctors Day
376,3,30,National,National I Am in Control Day
377,3,30,National,National Pencil Day
378,3,30,National,National Turkey Neck Soup Day
379,3,30,National,National Virtual Vacation Day
380,3,31,Global,World Backup Day
381,3,31,National,National Bunsen Burner Day
382,3,31,National,National Clams on the Half Shell Day
383,3,31,National,National Crayon Day
384,3,31,National,National Prom Day
385,3,31,National,National Tater Day
386,4,1,National,April Fools Day
387,4,1,National,National One Cent Day
388,4,1,National,National Sourdough Bread Day
389,4,2,Global,World Autism Awareness Day
390,4,2,Global,International Children’s Book Day
391,4,2,National,National Ferret Day
392,4,2,National,National Peanut Butter and Jelly Day
393,4,2,National,National Reconciliation Day
394,4,2,National,World Autism Awareness Day
395,4,3,National,National Chocolate Mousse Day
396,4,3,National,National Film Score Day
397,4,3,National,National Find a Rainbow Day
398,4,3,National,National Tweed Day
399,4,3,National,World Party Day
400,4,4,National,National Chicken Cordon Bleu Day
401,4,4,National,National Hug a Newsperson Day
402,4,4,National,Jeep 4×4 Day
403,4,4,National,National School Librarian Day
404,4,4,National,National Vitamin C Day
405,4,4,National,National Walk Around Things Day
406,4,5,National,First Contact Day
407,4,5,National,Gold Star Spouses Day
408,4,5,National,National Caramel Day
409,4,5,National,National Deep Dish Pizza Day
410,4,5,National,National Flash Drive Day
411,4,5,National,National Go For Broke Day
412,4,5,National,National Nebraska Day
413,4,5,National,National Raisin and Spice Bar Day
414,4,5,National,National Read a Road Map Day
415,4,6,Global,International Day of Sport for Development and Peace
416,4,6,Global,Bohring-Opitz Syndrome Awareness Day
417,4,6,Global,National Carbonara Day
418,4,6,National,National Caramel Popcorn Day
419,4,6,National,New Beer’s Eve
420,4,6,National,National Sorry Charlie Day
421,4,6,National,National Student-Athlete Day
422,4,6,National,National Tartan Day
423,4,6,National,National Teflon Day
424,4,7,Global,World Health Day
425,4,7,Global,International Day of Reflection on the 1994 Genocide in Rwanda
426,4,7,Global,International Beaver Day
427,4,7,National,National Beer Day
428,4,7,National,National Coffee Cake Day
429,4,7,National,National Girl Me Too Day
430,4,7,National,National No Housework Day
431,4,8,Global,International Romani Day
432,4,8,National,National All is Ours Day
433,4,8,National,National Empanada Day
434,4,8,National,National Zoo Lovers Day
435,4,9,National,National Cherish an Antique Day
436,4,9,National,National Chinese Almond Cookie Day
437,4,9,National,National Former Prisoner of War Recognition Day
438,4,9,National,National Name Yourself Day
439,4,9,National,National Unicorn Day
440,4,9,National,National Winston Churchill Day
441,4,10,Global,International Safety Pin Day
442,4,10,Global,World Homeopathy Day
443,4,10,National,National Cinnamon Crescent Day
444,4,10,National,Encourage a Young Writer Day
445,4,10,National,National Farm Animals Day
446,4,10,National,National Siblings Day
447,4,11,Global,International Louie Louie Day
448,4,11,National,National Barber Shop Quartet Day
449,4,11,National,National Cheese Fondue Day
450,4,11,National,National Eight Track Tape Day
451,4,11,National,National Pet Day
452,4,11,National,National Submarine Day
453,4,12,National,National For Twelves Day
454,4,12,National,National Big Wind Day
455,4,12,National,National Colorado Day
456,4,12,National,National Grilled Cheese Sandwich Day
457,4,12,National,National Licorice Day
458,4,13,Global,International FND Awareness Day
459,4,13,National,National Make Lunch Count Day
460,4,13,National,National Peach Cobbler Day
461,4,13,National,National Scrabble Day
462,4,13,National,National Thomas Jefferson Day
463,4,14,Global,International Moment of Laughter Day
464,4,14,Global,World Chagas Disease Day
465,4,14,National,National Dolphin Day
466,4,14,National,National Ex Spouse Day
467,4,14,National,National Gardening Day
468,4,14,National,National Pan American Day
469,4,14,National,National Pecan Day
470,4,14,National,National Reach as High as You Can Day
471,4,14,National,Look up at the Sky Day
472,4,15,Global,World Art Day
473,4,15,National,National Banana Day
474,4,15,National,National Glazed Spiral Ham Day
475,4,15,National,National Rubber Eraser Day
476,4,15,National,National Take a Wild Guess Day
477,4,15,National,National Tax Day
478,4,15,National,National Titanic Remembrance Day
479,4,16,Global,World Voice Day
480,4,16,National,National Bean Counter Day
481,4,16,National,National Eggs Benedict Day
482,4,16,National,National Healthcare Decisions Day
483,4,16,National,National Orchid Day
484,4,16,National,National Wear Your Pajamas to Work  Day
485,4,17,Global,International Bat Appreciation Day
486,4,17,Global,World Hemophilia Day
487,4,17,National,National Crawfish Day
488,4,17,National,National Cheeseball Day
489,4,17,National,National Ellis Island Family History Day
490,4,17,National,National Haiku Poetry Day
491,4,18,Global,International Day for Monuments and Sites
492,4,18,Global,International Amateur Radio Day
493,4,18,National,National Animal Crackers Day
494,4,18,National,National Columnists’ Day
495,4,18,National,National Lineman Appreciation Day
496,4,19,National,National Amaretto Day
497,4,19,National,National Garlic Day
498,4,19,National,National Hanging Out Day
499,4,19,National,National North Dakota Day
500,4,19,National,National Oklahoma City Bombing Commemoration Day
501,4,20,Global,Chinese Language Day
502,4,20,National,National Cheddar Fries Day
503,4,20,National,National Lima Bean Respect Day
504,4,20,National,National Look Alike Day
505,4,20,National,National Pineapple Upside Down Cake Day
506,4,21,Global,British National Tea Day
507,4,21,National,National Chocolate Covered Cashews Day
508,4,21,National,National Kindergarten Day
509,4,21,National,National Yellow Bat Day
510,4,22,Global,International Mother Earth Day
511,4,22,National,National Earth Day
512,4,22,National,National Girl Scout Leader’s Day
513,4,22,National,National Jelly Bean Day
514,4,23,Global,English Language Day
515,4,23,Global,Spanish Language Day
516,4,23,Global,World Book and Copyright Day
517,4,23,Global,International Pixel-Stained Technopeasant Day
518,4,23,National,National Cherry Cheesecake Day
519,4,23,National,National Lost Dogs Awareness Day
520,4,23,National,National Picnic Day
521,4,23,National,National Take a Chance Day
522,4,23,National,National Talk Like Shakespeare Day
523,4,24,Global,Fashion Revolution Day
524,4,24,Global,World Meningitis Day
525,4,24,National,National Pigs in a Blanket Day
526,4,25,Global,World Penguin Day
527,4,25,Global,Parental Alienation Day
528,4,25,Global,World Malaria Day
529,4,25,National,National DNA Day
530,4,25,National,National East Meets West Day
531,4,25,National,National Hug a Plumber Day
532,4,25,National,National Telephone Day
533,4,25,National,National Zucchini Bread Day
534,4,26,Global,World Intellectual Property Day
535,4,26,National,National Audubon Day
536,4,26,National,National Dissertation Day
537,4,26,National,National Help a Horse Day
538,4,26,National,National Kids and Pets Day
539,4,26,National,National Pretzel Day
540,4,26,National,National Richter Scale Day
541,4,26,National,National South Dakota Day
542,4,27,National,National Babe Ruth Day
543,4,27,National,National Devil Dog Day
544,4,27,National,National Prime Rib Day
545,4,27,National,National Tell a Story Day
546,4,28,Global,World Day for Safety and Health at Work
547,4,28,National,National Blueberry Pie Day
548,4,28,National,National BraveHearts Day
549,4,28,National,National Great Poetry Reading Day
550,4,28,National,National Superhero Day
551,4,28,National,Workers’ Memorial Day
552,4,29,Global,International Dance Day
553,4,29,National,National Peace Rose Day
554,4,29,National,National Shrimp Scampi Day
555,4,29,National,National Zipper Day
556,4,30,National,National Adopt a Shelter Pet Day
557,4,30,National,National Bubble Tea Day
558,4,30,National,National Bugs Bunny Day
559,4,30,National,National Honesty Day
560,4,30,National,National Oatmeal Cookie Day
561,4,30,National,National PrepareAthon! Day
562,4,30,National,National Raisin Day
563,4,30,National,National Sarcoidosis Day
564,4,30,National,National Military Brats Day
565,4,30,National,National Hairstylist Appreciation Day
566,5,1,Global,Global Love Day
567,5,1,National,National Loyalty Day
568,5,1,National,May Day
569,5,1,National,National Mother Goose Day
570,5,1,National,National Chocolate Parfait Day
571,5,1,National,Law Day
572,5,1,National,School Principals’ Day
573,5,1,National,Silver Star Service Banner Day
574,5,2,Global,World Tuna Day
575,5,2,National,National Truffle Day
576,5,2,National,National Life Insurance Day
577,5,3,Global,World Press Freedom Day
578,5,3,National,National SAN Architect Day
579,5,3,National,National Lumpy Rug Day
580,5,3,National,National Garden Meditation Day
581,5,3,National,National Specially-Able Pets Day
582,5,3,National,National Two Different Colored Shoes Day
583,5,3,National,National Paranormal Day
584,5,3,National,National Chocolate Custard Day
585,5,3,National,National Raspberry Pop Over Day
586,5,3,National,National Textiles Day
587,5,3,National,National Montana Day
588,5,4,Global,International Firefighters’ Day
589,5,4,National,National Star Wars Day
590,5,4,National,National Weather Observers Day
591,5,4,National,National Renewal Day
592,5,4,National,National Orange Juice Day
593,5,4,National,National Candied Orange Peel Day
594,5,4,National,Bird Day
595,5,5,Global,African World Heritage Day
596,5,5,Global,International Day of the Midwife
597,5,5,Global,World Portuguese Language Day
598,5,5,National,National Astronaut Day
599,5,5,National,National Cartoonists Day
600,5,5,National,National Silence the Shame Day
601,5,5,National,National Totally Chipotle Day
602,5,5,National,National Hoagie Day
603,5,5,National,Cinco de Mayo
604,5,6,Global,International No Diet Day
605,5,6,National,National Nurses Day
606,5,6,National,National Beverage Day
607,5,6,National,National Crepe Suzette Day
608,5,7,National,National Packaging Design Day
609,5,7,National,National Paste-Up Day
610,5,7,National,National Barrier Awareness Day
611,5,7,National,National Roast Leg of Lamb Day
612,5,8,Global,Time of Remembrance and Reconciliation (May 8 & 9)
613,5,8,Global,World Red Cross Day
614,5,8,National,National Coconut Cream Pie Day
615,5,8,National,National Have A Coke Day
616,5,8,National,National Student Nurse Day
617,5,9,Global,Europe Day
618,5,9,Global,Time of Remembrance and Reconciliation (May 8 & 9)
619,5,9,National,National Lost Sock Memorial Day
620,5,9,National,National Moscato Day
621,5,9,National,National Butterscotch Brownie Day
622,5,9,National,National Sleepover Day
623,5,10,Global,World Lupus Day
624,5,10,National,National Clean Up Your Room Day
625,5,10,National,National Lipid Day
626,5,10,National,National Shrimp Day
627,5,10,National,National Washington Day
628,5,11,National,National Eat What You Want Day
629,5,11,National,National Foam Rolling Day
630,5,11,National,National Twilight Zone Day
631,5,12,Global,International Nurses Day
632,5,12,National,National Limerick Day
633,5,12,National,National Odometer Day
634,5,12,National,National Nutty Fudge Day
635,5,12,National,National Fibromyalgia Awareness Day
636,5,13,Global,International Hummus Day
637,5,13,National,National Crouton Day
638,5,13,National,National Frog Jumping Day
639,5,13,National,National Apple Pie Day
640,5,13,National,National Fruit Cocktail Day
641,5,14,National,National Decency Day
642,5,14,National,National Dance Like a Chicken Day
643,5,14,National,National Underground America Day
644,5,14,National,National Buttermilk Biscuit Day
645,5,15,Global,International Day of Families
646,5,15,National,Peace Officers Memorial Day
647,5,15,National,National Chocolate Chip Day
648,5,15,National,National Nylon Stocking Day
649,5,16,Global,International Day of Living Together in Peace
650,5,16,Global,International Day of Light
651,5,16,National,Honor Our LGBT Elders Day
652,5,16,National,National Barbecue Day
653,5,16,National,National Do Something Good for Your Neighbor Day
654,5,16,National,National Love a Tree Day
655,5,16,National,National Mimosa Day
656,5,16,National,National Piercing Day
657,5,16,National,National Sea Monkey Day
658,5,16,National,National Biographer’s Day
659,5,16,National,National Coquilles Saint Jacques Day
660,5,17,Global,World Hypertension Day
661,5,17,Global,World Telecommunication and Information Society Day
662,5,17,National,National Pack Rat Day
663,5,17,National,National Cherry Cobbler Day
664,5,17,National,National Graduation Tassel Day
665,5,17,National,National Walnut Day
666,5,17,National,National Idaho Day
667,5,18,Global,Buddha Day
668,5,18,Global,International Museum Day
669,5,18,National,National HIV Vaccine Awareness Day
670,5,18,National,National Visit Your Relatives Day
671,5,18,National,National No Dirty Dishes Day
672,5,18,National,National Cheese Soufflé Day
673,5,19,Global,World IBD Day
674,5,19,National,National May Ray Day
675,5,19,National,National Devil’s Food Cake Day
676,5,20,Global,World Metrology Day
677,5,20,Global,World Bee Day
678,5,20,National,National Be a Millionaire Day
679,5,20,National,National Pick Strawberries Day
680,5,20,National,National Rescue Dog Day
681,5,20,National,National Quiche Lorraine Day
682,5,21,Global,World Day for Cultural Diversity
683,5,21,Global,International Tea Day (UN)
684,5,21,National,National American Red Cross Founder’s Day
685,5,21,National,National Waitstaff Day
686,5,21,National,National Strawberries and Cream Day
687,5,21,National,National Memo Day
688,5,22,Global,International Day for Biological Diversity
689,5,22,Global,World Goth Day
690,5,22,Global,World Paloma Day
691,5,22,National,National Craft Distillery Day
692,5,22,National,World Paloma Day
693,5,22,National,National Maritime Day
694,5,22,National,National Solitaire Day
695,5,22,National,National Buy a Musical Instrument Day
696,5,22,National,National Vanilla Pudding Day
697,5,23,Global,International Day to End Obstetric Fistula
698,5,23,Global,World Turtle Day
699,5,23,National,National Lucky Penny Day
700,5,23,National,National Taffy Day
701,5,24,Global,World Schizophrenia Day
702,5,24,National,National Yucatan Shrimp Day
703,5,24,National,National Aviation Maintenance Technician Day
704,5,24,National,Brother’s Day
705,5,24,National,National Scavenger Hunt Day
706,5,24,National,National Escargot Day
707,5,24,National,National Wyoming Day
708,5,25,Global,Geek Pride Day
709,5,25,National,National Missing Children’s Day
710,5,25,National,National Tap Dance Day
711,5,25,National,National Brown-Bag It Day
712,5,25,National,Towel Day
713,5,25,National,National Wine Day
714,5,26,National,National Blueberry Cheesecake Day
715,5,26,National,National Paper Airplane Day
716,5,27,National,National Cellophane Tape Day
717,5,27,National,National Grape Popsicle Day
718,5,28,National,National Beef Burger Day
719,5,28,National,National Brisket Day
720,5,28,National,National Hamburger Day
721,5,29,Global,International Day of UN Peacekeepers
722,5,29,National,National Paperclip Day
723,5,29,National,National Coq Au Vin Day
724,5,30,Global,World Multiple Sclerosis Day
725,5,30,National,National Creativity Day
726,5,30,National,National Water a Flower Day
727,5,30,National,National Hole In My Bucket Day
728,5,30,National,National Mint Julep Day
729,5,30,National,Loomis Day
730,5,30,National,World Multiple Sclerosis Day
731,5,31,Global,International Flight Attendant Day
732,5,31,Global,World No Tobacco Day
733,5,31,National,Autonomous Vehicle Day
734,5,31,National,National Save Your Hearing Day
735,5,31,National,National Speak in Sentences Day
736,5,31,National,National Macaroon Day
737,5,31,National,National Utah Day
738,5,31,National,National Smile Day
739,5,31,National,Necrotizing Fasciitis Awareness Day
740,6,1,Global,World Reef Awareness Day
741,6,1,Global,World Narcissistic Abuse Awareness Day
742,6,1,Global,Global Day of Parents
743,6,1,Global,World Milk Day
744,6,1,National,National Olive Day
745,6,1,National,National Heimlich Maneuver Day
746,6,1,National,National Go Barefoot Day
747,6,1,National,National Nail Polish Day
748,6,1,National,National Say Something Nice Day
749,6,1,National,National Penpal Day
750,6,1,National,National Hazelnut Cake Day
751,6,2,National,National Rotisserie Chicken Day
752,6,2,National,National Rocky Road Day
753,6,2,National,National Bubba Day
754,6,3,Global,World Bicycle Day
755,6,3,Global,Chimborazo Day
756,6,3,National,National Egg Day
757,6,3,National,National Repeat Day
758,6,3,National,National Chocolate Macaroons Day
759,6,4,Global,International Day of Innocent Children Victims of Aggression
760,6,4,National,National Clean Beauty Day
761,6,4,National,National Old Maids Day
762,6,4,National,National Cheese Day
763,6,4,National,National Cognac Day
764,6,4,National,National Hug Your Cat Day
765,6,4,National,National SAFE Day
766,6,5,Global,World Environment Day
767,6,5,Global,"International Day for the Fight Against Illegal, Unreported and Unregulated Fishing"
768,6,5,National,National Gingerbread Day
769,6,5,National,National Moonshine Day
770,6,5,National,National Veggie Burger Day
771,6,6,Global,National Day of Sweden
772,6,6,Global,World Pest Day
773,6,6,Global,Russian Language Day
774,6,6,National,D-Day
775,6,6,National,National Eyewear Day
776,6,6,National,National Higher Education Day
777,6,6,National,National Gardening Exercise Day
778,6,6,National,National Yo-Yo Day
779,6,6,National,National Drive In Movie Day
780,6,6,National,National Applesauce Cake Day
781,6,7,Global,World Food Safety Day
782,6,7,National,National Boone Day
783,6,7,National,National Chocolate Ice Cream Day
784,6,7,National,National VCR Day
785,6,7,National,National Oklahoma Day
786,6,8,Global,World Oceans Day
787,6,8,National,National Best Friends Day
788,6,8,National,National Name Your Poison Day
789,6,8,National,National Upsy Daisy Day
790,6,9,National,National Donald Duck Day
791,6,9,National,National Strawberry Rhubarb Pie Day
792,6,9,National,National Earl Day
793,6,10,National,National Egg Roll Day
794,6,10,National,National Ballpoint Pen Day
795,6,10,National,National Iced Tea Day
796,6,10,National,National Black Cow Day
797,6,10,National,National Herbs and Spices Day
798,6,11,National,National Making Life Beautiful Day
799,6,11,National,National Corn on the Cob Day
800,6,11,National,National German Chocolate Cake Day
801,6,12,Global,International Falafel Day
802,6,12,Global,World Day Against Child Labor
803,6,12,National,National Red Rose Day
804,6,12,National,National Jerky Day
805,6,12,National,National Peanut Butter Cookie Day
806,6,12,National,National Loving Day
807,6,13,Global,International Albinism Awareness Day
808,6,13,Global,International Axe Throwing Day
809,6,13,Global,World Softball Day
810,6,13,National,National Kitchen Klutzes of America Day
811,6,13,National,Random Acts of Light Day
812,6,13,National,National Weed Your Garden Day
813,6,13,National,National Sewing Machine Day
814,6,14,Global,International Bath Day
815,6,14,Global,World Blood Donor Day
816,6,14,National,Army Birthday
817,6,14,National,National Strawberry Shortcake Day
818,6,14,National,National Pop Goes the Weasel Day
819,6,14,National,National Flag Day
820,6,14,National,National Bourbon Day
821,6,14,National,National New Mexico Day
822,6,15,Global,Magna Carta Day
823,6,15,National,National Smile Power Day
824,6,15,National,Nature Photography Day
825,6,16,Global,Bloomsday
826,6,16,Global,International Day of Family Remittances
827,6,16,National,National Fudge Day
828,6,17,National,National Eat Your Vegetables Day
829,6,17,National,National Stewart’s Root Beer Day
830,6,17,National,National Apple Strudel Day
831,6,17,National,National Cherry Tart Day
832,6,17,National,National Mascot Day
833,6,18,Global,World Sustainable Gastronomy Day
834,6,18,Global,Autistic Pride Day
835,6,18,Global,International Panic Day
836,6,18,Global,International Sushi Day
837,6,18,Global,International Picnic Day
838,6,18,Global,World Day to Combat Desertification and Drought
839,6,18,National,National Go Fishing Day
840,6,18,National,National Splurge Day
841,6,19,Global,World Sauntering Day
842,6,19,Global,World Sickle Cell Day
843,6,19,Global,International Day for the Elimination of Sexual Violence in Conflict
844,6,19,National,National FreeBSD Day
845,6,19,National,National Garfield the Cat Day
846,6,19,National,Juneteenth
847,6,19,National,National Martini Day
848,6,19,National,National Watch Day
849,6,20,Global,International Surfing Day
850,6,20,Global,International Nystagmus Day
851,6,20,Global,World Refugee Day
852,6,20,National,National Kouign Amann Day
853,6,20,National,American Eagle Day
854,6,20,National,National Hike with a Geek Day
855,6,20,National,National Vanilla Milkshake Day
856,6,20,National,National Ice Cream Soda Day
857,6,21,Global,International Day of Yoga
858,6,21,Global,Make Music Day
859,6,21,Global,World Giraffe Day
860,6,21,Global,World Humanist Day
861,6,21,National,National Peaches ‘N’ Cream Day
862,6,21,National,National Day of the Gong
863,6,21,National,Go Skateboarding Day
864,6,21,National,National Daylight Appreciation Day
865,6,21,National,National Selfie Day
866,6,21,National,National Arizona Day
867,6,22,Global,World Rainforest Day
868,6,22,National,National Chocolate Eclair Day
869,6,22,National,National HVAC Tech Day
870,6,22,National,National Onion Rings Day
871,6,23,Global,International Widows’ Day
872,6,23,Global,UN Public Service Day
873,6,23,National,National Hydration Day
874,6,23,National,National Pink Day
875,6,23,National,National Pecan Sandies Day
876,6,24,Global,International Fairy Day
877,6,24,Global,World UFO Day
878,6,24,National,National Pralines Day
879,6,25,Global,Day of the Seafarer
880,6,25,Global,Global Beatles Day
881,6,25,National,National Strawberry Parfait Day
882,6,25,National,National Catfish Day
883,6,25,National,National Leon Day
884,6,26,National,National Coconut Day
885,6,26,National,National Beautician’s Day
886,6,26,National,National Chocolate Pudding Day
887,6,27,National,National Onion Day
888,6,27,National,National HIV Testing Day
889,6,27,National,National Ice Cream Cake Day
890,6,27,National,National Sunglasses Day
891,6,27,National,National Orange Blossom Day
892,6,27,National,National PTSD Awareness Day
893,6,28,Global,International Caps Lock Day
894,6,28,Global,International Body Piercing Day
895,6,28,National,National Logistics Day
896,6,28,National,National Paul Bunyan Day
897,6,28,National,National Alaska Day
898,6,29,National,National Camera Day
899,6,29,National,National Waffle Iron Day
900,6,29,National,National Almond Buttercrunch Day
901,6,30,National,National Meteor Watch Day
902,6,30,National,Social Media Day
903,7,1,Global,Canada Day
904,7,1,Global,International Joke Day
905,7,1,Global,International Reggae Day
906,7,1,National,National Postal Worker Day
907,7,1,National,National U.S. Postage Stamp Day
908,7,1,National,National Creative Ice Cream Flavors Day
909,7,1,National,National Gingersnap Day
910,7,2,Global,World UFO Day
911,7,2,National,National Anisette Day
912,7,3,Global,International Drop a Rock Day
913,7,3,National,National Fried Clam Day
914,7,3,National,National Eat Your Beans Day
915,7,3,National,National Chocolate Wafer Day
916,7,4,National,Independence Day
917,7,4,National,National Barbecued Spareribs Day
918,7,4,National,National Caesar Salad Day
919,7,5,National,National Apple Turnover Day
920,7,5,National,National Graham Cracker Day
921,7,5,National,National Hawaii Day
922,7,5,National,National Workaholics Day
923,7,5,National,National Bikini Day
924,7,6,Global,International Kissing Day
925,7,6,National,National Hand Roll Day
926,7,6,National,National Fried Chicken Day
927,7,7,Global,World Chocolate Day
928,7,7,Global,Global Forgiveness Day
929,7,7,National,National Dive Bar Day
930,7,7,National,National Father Daughter  Take a Walk Day
931,7,7,National,National Strawberry Sundae Day
932,7,7,National,National Macaroni Day
933,7,8,National,National Freezer Pop Day
934,7,8,National,National Chocolate with Almonds Day
935,7,9,National,National Sugar Cookie Day
936,7,10,National,National Clerihew Day
937,7,10,National,National Kitten Day
938,7,10,National,National Pina Colada Day
939,7,11,Global,World Population Day
940,7,11,National,National Cheer Up The Lonely Day
941,7,11,National,National Rainier Cherry Day
942,7,11,National,National Blueberry Muffin Day
943,7,11,National,All American Pet Photo Day
944,7,11,National,National Mojito Day
945,7,11,National,National 7-Eleven Day
946,7,12,Global,Malala Day
947,7,12,National,National Simplicity Day
948,7,12,National,National Different Colored Eyes Day
949,7,12,National,National Pecan Pie Day
950,7,12,National,Paper Bag Day
951,7,12,National,Eat Your Jello Day
952,7,13,National,National French Fry Day
953,7,13,National,National Beans ‘N’ Franks Day
954,7,13,National,National Delaware Day
955,7,14,Global,Bastille Day
956,7,14,National,National Grand Marnier Day
957,7,14,National,National Tape Measure Day
958,7,14,National,National Nude Day
959,7,14,National,National Mac & Cheese Day
960,7,15,Global,World Youth Skills Day
961,7,15,National,National Give Something Away Day
962,7,15,National,National I Love Horses Day
963,7,15,National,National Tapioca Pudding Day
964,7,15,National,National Pet Fire Safety Day
965,7,15,National,National Gummi Worm Day
966,7,16,Global,World Snake Day
967,7,16,National,National Corn Fritters Day
968,7,16,National,National Personal Chef’s Day
969,7,17,Global,World Emoji Day
970,7,17,National,National Lottery Day
971,7,17,National,National Peach Ice Cream Day
972,7,17,National,National Tattoo Day
973,7,17,National,Wrong Way Corrigan Day
974,7,17,National,National Yellow Pig Day
975,7,17,National,World Emoji Day
976,7,18,Global,Nelson Mandela International Day
977,7,18,National,National Sour Candy Day
978,7,18,National,National Caviar Day
979,7,19,National,National Daiquiri Day
980,7,20,Global,International Chess Day
981,7,20,National,National Moon Day
982,7,20,National,National Lollipop Day
983,7,20,National,National Pennsylvania Day
984,7,21,National,National Junk Food Day
985,7,21,National,National Be Someone Day
986,7,22,National,National Penuche Fudge Day
987,7,22,National,National Hammock Day
988,7,22,National,National Rat Catcher’s Day
989,7,23,National,Gorgeous Grandma Day
990,7,23,National,National Vanilla Ice Cream Day
991,7,24,National,National Thermal Engineer Day
992,7,24,National,National Tequila Day
993,7,24,National,National Drive-Thru Day
994,7,24,National,National Cousins Day
995,7,24,National,National Amelia Earhart Day
996,7,25,National,National Merry-Go-Round Day
997,7,25,National,National Hot Fudge Sundae Day
998,7,25,National,National Threading the Needle Day
999,7,25,National,National Hire a Veteran Day
1000,7,25,National,National Wine and Cheese Day
1001,7,26,National,National Aunt and Uncle’s Day
1002,7,26,National,National Bagelfest Day
1003,7,26,National,National Coffee Milkshake Day
1004,7,26,National,National Disability Independence Day
1005,7,26,National,National All or Nothing Day
1006,7,27,National,National Love is Kind Day
1007,7,27,National,National Scotch Day
1008,7,27,National,National Crème Brûlée Day
1009,7,27,National,National New Jersey Day
1010,7,28,Global,World Hepatitis Day
1011,7,28,National,National Milk Chocolate Day
1012,7,28,National,Buffalo Soldiers Day
1013,7,28,National,National Waterpark Day
1014,7,29,Global,International Tiger Day
1015,7,29,National,National Lasagna Day
1016,7,29,National,National Lipstick Day
1017,7,29,National,National Chicken Wing Day
1018,7,30,Global,International Day of Friendship
1019,7,30,Global,International Day against Trafficking in Persons
1020,7,30,National,National Cheesecake Day
1021,7,30,National,National Father-in-Law Day
1022,7,30,National,National Whistleblower Day
1023,7,31,Global,World Ranger Day
1024,7,31,National,National Avocado Day
1025,7,31,National,National Raspberry Cake Day
1026,7,31,National,National Mutt Day
1027,8,1,Global,World Scout Scarf Day
1028,8,1,Global,International Childfree Day
1029,8,1,Global,World Lung Cancer Day
1030,8,1,Global,International Mahjong Day
1031,8,1,National,National Raspberry Cream Pie Day
1032,8,1,National,National Girlfriends Day
1033,8,1,National,National Minority Donor Awareness Day
1034,8,1,National,Respect for Parents Day
1035,8,2,National,National Coloring Book Day
1036,8,2,National,National Ice Cream Sandwich Day
1037,8,3,National,National Georgia Day
1038,8,3,National,National Watermelon Day
1039,8,3,National,National Grab Some Nuts Day
1040,8,4,Global,International Clouded Leopard Day
1041,8,4,National,National Chocolate Chip Cookie Day
1042,8,4,National,National Coast Guard Day
1043,8,5,National,National Underwear Day
1044,8,5,National,National Work Like A Dog Day
1045,8,5,National,National Oyster Day
1046,8,6,National,National Root Beer Float Day
1047,8,6,National,National Fresh Breath Day
1048,8,6,National,National Wiggle Your Toes Day
1049,8,7,National,Purple Heart Day
1050,8,7,National,National Lighthouse Day
1051,8,7,National,National Raspberries N’ Cream Day
1052,8,8,Global,World Cat Day / International Cat Day
1053,8,8,Global,International Infinity Day
1054,8,8,Global,Global Sleep Under The Stars Night
1055,8,8,National,National CBD Day
1056,8,8,National,National Happiness Happens Day
1057,8,8,National,National Frozen Custard Day
1058,8,8,National,National Sneak Some Zucchini Into Your Neighbor’s Porch Day
1059,8,8,National,National Dollar Day
1060,8,9,Global,International Day of the World’s Indigenous People
1061,8,9,National,National Rice Pudding Day
1062,8,9,National,National Veep Day
1063,8,9,National,National Book Lovers Day
1064,8,10,Global,World Lion Day
1065,8,10,National,National Shapewear Day
1066,8,10,National,National Connecticut Day
1067,8,10,National,National Lazy Day
1068,8,10,National,National S’mores Day
1069,8,11,Global,Global Kinetic Sand Day
1070,8,11,National,National Son’s and Daughter’s Day
1071,8,11,National,National Presidential Joke Day
1072,8,11,National,National Raspberry Bombe Day
1073,8,12,Global,International Youth Day
1074,8,12,Global,World Elephant Day
1075,8,12,National,National Julienne Fries Day
1076,8,12,National,National Vinyl Record Day
1077,8,12,National,National Middle Child Day
1078,8,13,Global,International Lefthanders Day
1079,8,13,National,National Prosecco Day
1080,8,13,National,National Filet Mignon Day
1081,8,14,Global,World Lizard Day
1082,8,14,Global,World Calligraphy Day
1083,8,14,National,National V-J Day
1084,8,14,National,National Creamsicle Day
1085,8,15,National,National Leathercraft Day
1086,8,15,National,National Relaxation Day
1087,8,15,National,National Lemon Meringue Pie Day
1088,8,16,National,National Tell a Joke Day
1089,8,16,National,National Roller Coaster Day
1090,8,16,National,National Airborne Day
1091,8,16,National,National Rum Day
1092,8,17,National,National Nonprofit Day
1093,8,17,National,National Massachusetts Day
1094,8,17,National,National I LOVE My Feet Day!
1095,8,17,National,National Thrift Shop Day
1096,8,17,National,Black Cat Appreciation Day
1097,8,18,National,National Fajita Day
1098,8,18,National,National Mail Order Catalog Day
1099,8,18,National,National Ice Cream Pie Day
1100,8,19,Global,World Photo Day
1101,8,19,Global,World Humanitarian Day
1102,8,19,Global,International Orangutan Day
1103,8,19,Global,International Bow Day
1104,8,19,National,National Aviation Day
1105,8,19,National,National Soft Ice Cream Day
1106,8,20,Global,World Mosquito Day
1107,8,20,National,National Radio Day
1108,8,20,National,National Chocolate Pecan Pie Day
1109,8,21,Global,International Day of Remembrance and Tribute to the Victims of Terrorism
1110,8,21,National,National Brazilian Blowout Day
1111,8,21,National,National Spumoni Day
1112,8,21,National,National Senior Citizens Day
1113,8,22,Global,International Day Commemorating the Victims Acts of Violence Based on Religious Belief
1114,8,22,National,National Surgical Oncologist Day
1115,8,22,National,National Be An Angel Day
1116,8,22,National,National Bao Day
1117,8,22,National,Never Bean Better Day
1118,8,22,National,National Tooth Fairy Day
1119,8,22,National,National Pecan Torte Day
1120,8,23,Global,International Day for the Remembrance of the Slave Trade and its Abolition
1121,8,23,National,National Ride The Wind Day
1122,8,23,National,National Sponge Cake Day
1123,8,24,Global,International Strange Music Day
1124,8,24,National,National Maryland Day
1125,8,24,National,National Peach Pie Day
1126,8,24,National,National Waffle Day
1127,8,25,National,National Park Service Founders Day
1128,8,25,National,National Whiskey Sour Day
1129,8,25,National,National Kiss and Make Up Day
1130,8,25,National,National Secondhand Wardrobe Day
1131,8,25,National,National Banana Split Day
1132,8,26,National,National WebMistress Day
1133,8,26,National,National Dog Day
1134,8,26,National,National Women’s Equality Day
1135,8,26,National,National Cherry Popsicle Day
1136,8,27,National,National Pots De Creme Day
1137,8,27,National,National Just Because Day
1138,8,28,National,National Red Wine Day
1139,8,28,National,National Power Rangers Day
1140,8,28,National,National Bow Tie Day
1141,8,28,National,National Cherry Turnovers Day
1142,8,28,National,Rainbow Bridge Remembrance Day
1143,8,29,Global,International Day against Nuclear Tests
1144,8,29,Global,According to Hoyle Day
1145,8,29,National,National Chop Suey Day
1146,8,30,Global,International Whale Shark Day
1147,8,30,Global,International Day of the Victims of Enforced Disappearance
1148,8,30,National,National Toasted Marshmallow Day
1149,8,30,National,National Grief Awareness Day
1150,8,30,National,National Beach Day
1151,8,31,Global,International Overdose Awareness Day
1152,8,31,National,National South Carolina Day
1153,8,31,National,National Matchmaker Day
1154,8,31,National,National Diatomaceous Earth Day
1155,8,31,National,National Trail Mix Day
1156,9,1,Global,World Letter Writing Day
1157,9,1,National,National Chicken Boy’s Day
1158,9,1,National,National No Rhyme (Nor Reason) Day
1159,9,2,National,National Blueberry Popsicle Day
1160,9,2,National,National V-J Day
1161,9,3,National,National Welsh Rarebit Day
1162,9,3,National,U.S. Bowling League Day
1163,9,4,Global,World Sexual Health Day
1164,9,4,Global,Global Talent Acquisition Day
1165,9,4,National,National Wildlife Day
1166,9,4,National,National Newspaper Carrier Day
1167,9,4,National,National Macadamia Nut Day
1168,9,5,Global,International Day of Charity
1169,9,5,National,National Cheese Pizza Day
1170,9,5,National,National Be Late For Something Day
1171,9,6,National,National Coffee Ice Cream Day
1172,9,6,National,National Read A Book Day
1173,9,7,National,National Beer Lover’s Day
1174,9,7,National,National Neither Snow Nor Rain Day
1175,9,7,National,National Grandma Moses Day
1176,9,7,National,National Acorn Squash Day
1177,9,7,National,National Salami Day
1178,9,7,National,National Grateful Patient Day
1179,9,7,National,National New Hampshire Day
1180,9,8,Global,International Literacy Day
1181,9,8,Global,World Physical Therapy Day
1182,9,8,National,National Pediatric Hematology/Oncology Nurses Day
1183,9,8,National,National Ampersand Day
1184,9,9,National,National Teddy Bear Day
1185,9,9,National,Care Bears Share Your Care Day
1186,9,9,National,National Wiener Schnitzel Day
1187,9,10,Global,World Suicide Prevention Day
1188,9,10,National,National Swap Ideas Day
1189,9,10,National,National TV Dinner Day
1190,9,11,National,National Make Your Bed Day
1191,9,11,National,National Hot Cross Bun Day
1192,9,11,National,Patriot Day and National Day of Service and Remembrance
1193,9,12,National,National Video Games Day
1194,9,12,National,National Chocolate Milkshake Day
1195,9,12,National,National Day of Encouragement
1196,9,12,National,National Report Medicare Fraud Day
1197,9,13,Global,Day of the Programmer
1198,9,13,National,National Kids Take Over The Kitchen Day
1199,9,13,National,National Peanut Day
1200,9,13,National,Uncle Sam Day
1201,9,13,National,National Celiac Disease Awareness Day
1202,9,13,National,National Bald is Beautiful Day
1203,9,14,National,National Cream Filled Donut Day
1204,9,14,National,National Eat a Hoagie Day
1205,9,14,National,National Live Creative Day
1206,9,14,National,National Sober Day
1207,9,14,National,National Virginia Day
1208,9,15,Global,International Day of Democracy
1209,9,15,Global,International Dot Day
1210,9,15,Global,World Lymphoma Awareness Day
1211,9,15,National,National Cheese Toast Day
1212,9,15,National,National Linguine Day
1213,9,15,National,National Felt Hat Day
1214,9,15,National,National Double Cheeseburger Day
1215,9,15,National,National Creme de Menthe Day
1216,9,15,National,National Tackle Kids Cancer Day
1217,9,15,National,National Neonatal Nurses Day
1218,9,15,National,National Online Learning Day
1219,9,15,National,Greenpeace Day
1220,9,16,Global,International Day for the Preservation of the Ozone Layer
1221,9,16,National,National Play-Doh Day
1222,9,16,National,National Cinnamon Raisin Bread Day
1223,9,16,National,National Guacamole Day
1224,9,16,National,National Step Family Day
1225,9,16,National,National Working Parents Day
1226,9,16,National,Mayflower Day
1227,9,17,Global,International Country Music Day
1228,9,17,National,National Professional House Cleaners Day
1229,9,17,National,National Apple Dumpling Day
1230,9,17,National,Constitution Day and Citizenship Day
1231,9,17,National,National Monte Cristo Day
1232,9,18,National,Airforce Birthday
1233,9,18,National,National Cheeseburger Day
1234,9,18,National,National HIV/AIDS and Aging Awareness Day
1235,9,19,National,National Butterscotch Pudding Day
1236,9,19,National,Talk Like A Pirate Day
1237,9,20,National,National Fried Rice Day
1238,9,20,National,National Pepperoni Pizza Day
1239,9,20,National,National Punch Day
1240,9,20,National,National String Cheese Day
1241,9,21,Global,International Day of Peace
1242,9,21,Global,World’s Alzheimer’s Day
1243,9,21,Global,World Gratitude Day
1244,9,21,National,National Chai Day
1245,9,21,National,National Pecan Cookie Day
1246,9,21,National,National New York Day
1247,9,22,Global,International Day of Radiant Peace
1248,9,22,Global,International Daughters Day
1249,9,22,Global,World Rhino Day
1250,9,22,Global,World Car Free Day
1251,9,22,National,American Business Women’s Day
1252,9,22,National,Car Free Day
1253,9,22,National,Dear Diary Day
1254,9,22,National,National Centenarian’s Day
1255,9,22,National,Elephant Appreciation Day
1256,9,22,National,National Girls’ Night
1257,9,22,National,Hobbit Day
1258,9,22,National,National Ice Cream Cone Day
1259,9,22,National,National Legwear Day
1260,9,22,National,National White Chocolate Day
1261,9,23,Global,International Day of Sign Languages
1262,9,23,Global,International Celebrate Bisexuality Day (also known as Bi Visibility Day)
1263,9,23,National,Celebrate Bisexuality Day
1264,9,23,National,National Checkers/Dogs in Politics Day
1265,9,23,National,National Great American Pot Pie Day
1266,9,23,National,National Snack Stick Day
1267,9,23,National,National Teal Talk Day
1268,9,24,National,National Cherries Jubilee Day
1269,9,24,National,National Punctuation Day
1270,9,24,National,Schwenkfelder Thanksgiving
1271,9,25,Global,World Dream Day
1272,9,25,Global,World Pharmacist Day
1273,9,25,National,National Quesadilla Day (Dia de la Quesadilla)
1274,9,25,National,National One-Hit Wonder Day
1275,9,25,National,National Comic Book Day
1276,9,25,National,National Lobster Day
1277,9,25,National,National Tune-Up Day
1278,9,25,National,National Research Administrator Day
1279,9,25,National,Math Storytelling Day
1280,9,26,Global,International Day for the Total Elimination of Nuclear Weapons
1281,9,26,National,National Compliance Officer Day
1282,9,26,National,National Dumpling Day
1283,9,26,National,National Johnny Appleseed Day
1284,9,26,National,National Shamu the Whale Day
1285,9,26,National,National Pancake Day
1286,9,26,National,National Situational Awareness Day
1287,9,27,Global,World Tourism Day
1288,9,27,National,National Chocolate Milk Day
1289,9,27,National,National Crush a Can Day
1290,9,27,National,National Corned Beef Hash Day
1291,9,27,National,National Gay Men’s HIV/AIDS Awareness Day
1292,9,27,National,National Scarf Day
1293,9,28,Global,International Day for Universal Access to Information
1294,9,28,Global,World Rabies Day
1295,9,28,Global,International Poke Day
1296,9,28,National,National Drink Beer Day
1297,9,28,National,National Strawberry Cream Pie Day
1298,9,28,National,National North Carolina Day
1299,9,29,Global,World Heart Day
1300,9,29,National,National Coffee Day
1301,9,29,National,VFW Day
1302,9,30,Global,International Podcast Day
1303,9,30,Global,International Translation Day
1304,9,30,National,National Love People Day
1305,9,30,National,National Chewing Gum Day
1306,9,30,National,National Mud Pack Day
1307,9,30,National,National Hot Mulled Cider Day
1308,10,1,Global,International Day of Older Persons
1309,10,1,Global,International Vegetarian Day
1310,10,1,National,National Black Dog Day
1311,10,1,National,National Hair Day
1312,10,1,National,Fire Pup Day
1313,10,1,National,National Homemade Cookies Day
1314,10,2,Global,International Day of Non-Violence
1315,10,2,National,National Produce Misting Day
1316,10,2,National,National Custodial Worker’s Recognition Day
1317,10,2,National,National Name Your Car Day
1318,10,2,National,National Fried Scallops Day
1319,10,3,National,National Techies Day
1320,10,3,National,National Boyfriend Day
1321,10,4,Global,National Cinnamon Bun Day
1322,10,4,Global,World Animal Day
1323,10,4,National,National Cinnamon Bun Day
1324,10,4,National,National Taco Day
1325,10,4,National,National Golf Lover’s Day
1326,10,4,National,National Vodka Day
1327,10,4,Global,World Smile Day
1328,10,5,Global,World Teachers’ Day
1329,10,5,National,National Get Funky Day
1330,10,5,National,National Rhode Island Day
1331,10,5,National,National Do Something Nice Day
1332,10,5,National,National Apple Betty Day
1333,10,6,Global,World Cerebral Palsy Day
1334,10,6,National,National Coaches Day
1335,10,6,National,National Orange Wine Day
1336,10,6,National,National Plus Size Appreciation Day
1337,10,6,National,National Mad Hatter Day
1338,10,6,National,National German-American Day
1339,10,6,National,National Noodle Day
1340,10,7,National,National Chocolate Covered Pretzel Day
1341,10,7,National,National LED Light Day
1342,10,7,National,National Frappe Day
1343,10,7,National,National Inner Beauty Day
1344,10,8,Global,World Octopus Day
1345,10,8,Global,International Podiatry Day
1346,10,8,National,National Fluffernutter Day
1347,10,8,National,National Pierogi Day
1348,10,8,National,American Touch Tag Day
1349,10,9,Global,World Post Day
1350,10,9,National,National Leif Erikson Day
1351,10,9,National,National Pro-Life Cupcake Day
1352,10,9,National,National Moldy Cheese Day
1353,10,10,Global,World Mental Health Day
1354,10,10,Global,World Porridge Day
1355,10,10,Global,World Homeless Day
1356,10,10,National,National Angel Food Cake Day
1357,10,10,National,National Cake Decorating Day
1358,10,10,National,National Handbag Day
1359,10,11,Global,International Day of the Girl Child
1360,10,11,National,National Sausage Pizza Day
1361,10,11,National,National Coming Out Day
1362,10,11,National,General Pulaski Memorial Day
1363,10,12,Global,World Arthritis Day
1364,10,12,National,National Savings Day
1365,10,12,National,National Vermont Day
1366,10,12,National,National Freethought Day
1367,10,12,National,National Farmer’s Day
1368,10,12,National,National Gumbo Day
1369,10,13,Global,International Day for Disaster Reduction
1370,10,13,National,National Train Your Brain Day
1371,10,13,National,National Yorkshire Pudding Day
1372,10,13,National,Navy Birthday
1373,10,13,National,National Metastatic Breast Cancer Awareness Day
1374,10,13,National,National No Bra Day
1375,10,14,Global,World Standards Day
1376,10,14,National,National Dessert Day
1377,10,14,National,Be Bald and Be Free Day
1378,10,15,Global,International Day of Rural Women
1379,10,15,Global,Global Handwashing Day
1380,10,15,National,National Aesthetician Day
1381,10,15,National,National Cheese Curd Day
1382,10,15,National,National I Love Lucy Day
1383,10,15,National,National Grouch Day
1384,10,15,National,National Latino AIDS Awareness Day
1385,10,15,National,National Pregnancy and Infant Loss Awareness Day
1386,10,15,National,National White Cane Safety Day
1387,10,16,Global,World Food Day
1388,10,16,Global,Global Dignity Day
1389,10,16,Global,World Spine Day
1390,10,16,National,National Sports Day
1391,10,16,National,National Liqueur Day
1392,10,16,National,National Dictionary Day
1393,10,16,Global,Global Cat Day
1394,10,16,National,Department Store Day
1395,10,17,Global,International Day for the Eradication of Poverty
1396,10,17,Global,World Trauma Day
1397,10,17,Global,World Singing Day
1398,10,17,National,National  Edge Day
1399,10,17,National,National Mulligan Day
1400,10,17,National,National Pasta Day
1401,10,17,National,Black Poetry Day
1402,10,18,Global,International Legging Day
1403,10,18,National,National Exascale Day
1404,10,18,National,National Chocolate Cupcake Day
1405,10,18,National,National No Beard Day
1406,10,19,Global,World Pediatric Bone and Joint Day
1407,10,19,Global,International Gin and Tonic Day
1408,10,19,National,National Kentucky Day
1409,10,19,National,National Seafood Bisque Day
1410,10,19,National,National LGBT Center Awareness Day
1411,10,20,Global,International Chef Day
1412,10,20,Global,International Sloth Day
1413,10,20,Global,World Osteoporosis Day
1414,10,20,National,National Youth Confidence Day
1415,10,20,National,National Brandied Fruit Day
1416,10,21,National,National Pumpkin Cheesecake Day
1417,10,21,National,National Reptile Awareness Day
1418,10,22,Global,International Stuttering Awareness Day
1419,10,22,National,National Make a Dog’s Day
1420,10,22,National,National Nut Day
1421,10,22,National,National Color Day
1422,10,23,National,National Boston Cream Pie Day
1423,10,23,National,National Mole Day
1424,10,23,National,National TV Talk Show Host Day  (Johnny Carson’s birthday)
1425,10,23,National,Swallows Depart from San Juan Capistrano Day
1426,10,23,National,iPod Day
1427,10,24,Global,World Development Information Day
1428,10,24,Global,United Nations Day
1429,10,24,Global,World Tripe Day
1430,10,24,National,National Food Day
1431,10,24,National,National Bologna Day
1432,10,25,Global,International Artists Day
1433,10,25,Global,World Pasta Day
1434,10,25,National,National Greasy Food Day
1435,10,25,National,Sourest Day
1436,10,25,National,"Chucky, The Notorious Killer Doll Day"
1437,10,26,National,National Financial Crime Fighter Day
1438,10,26,National,National Tennessee Day
1439,10,26,National,National Day of the Deployed
1440,10,26,National,National Mule Day
1441,10,26,National,National Pumpkin Day
1442,10,26,National,National Mincemeat Day
1443,10,27,Global,World Day for Audiovisual Heritage
1444,10,27,National,National American Beer Day
1445,10,27,National,Navy Day
1446,10,27,National,National Black Cat Day
1447,10,28,National,National Internal Medicine Day
1448,10,28,National,National Chocolate Day
1449,10,29,Global,World Stroke Day
1450,10,29,Global,World Psoriasis Day
1451,10,29,Global,World Internet Day
1452,10,29,National,National Cat Day
1453,10,29,National,National Oatmeal Day
1454,10,29,National,National Hermit Day
1455,10,29,Global,World Stroke Day
1456,10,30,National,National Speak Up For Service Day
1457,10,30,National,National Publicist Day
1458,10,30,National,National Candy Corn Day
1459,10,31,Global,World Cities Day
1460,10,31,National,National Doorbell Day
1461,10,31,National,National Caramel Apple Day
1462,10,31,National,National Knock-Knock Jokes Day
1463,10,31,National,National Magic Day
1464,10,31,National,Girl Scout Founder’s Day
1465,10,31,National,Halloween
1466,11,1,Global,World Vegan Day
1467,11,1,National,National Authors’ Day
1468,11,1,National,National Brush Day
1469,11,1,National,National Calzone Day
1470,11,1,National,National Cinnamon Day
1471,11,1,National,National Deep Fried Clams Day
1472,11,1,National,National  Cook For Your Pets Day
1473,11,1,National,National Family Literacy Day
1474,11,1,National,National Vinegar Day
1475,11,2,Global,International Day to End Impunity for Crimes Against Journalists
1476,11,2,National,National Deviled Egg Day
1477,11,2,National,National Ohio Day
1478,11,3,National,National Housewife’s Day
1479,11,3,National,National Sandwich Day
1480,11,4,National,National Chicken Lady Day
1481,11,4,National,National Candy Day
1482,11,5,Global,World Tsunami Awareness Day
1483,11,5,National,National Doughnut Day
1484,11,5,National,National Love Your Red Hair Day
1485,11,6,Global,International Day for Preventing the Exploitation of the Environment in War and Armed Conflict
1486,11,6,National,National Nachos Day
1487,11,6,National,Saxophone Day
1488,11,7,National,National Bittersweet Chocolate with Almonds Day
1489,11,7,National,National Canine Lymphoma Awareness Day
1490,11,8,National,National Cappuccino Day
1491,11,8,National,National Harvey Wallbanger Day
1492,11,8,National,National Parents as Teachers Day
1493,11,8,National,National STEM/STEAM Day
1494,11,9,Global,World Freedom Day
1495,11,9,Global,World Adoption Day
1496,11,9,National,National Scrapple Day
1497,11,9,National,Microtia Awareness Day
1498,11,9,National,National Louisiana Day
1499,11,10,Global,World Science Day for Peace and Development
1500,11,10,National,Marine Corps Birthday
1501,11,10,National,National Forget-Me-Not Day
1502,11,10,National,National Vanilla Cupcake Day
1503,11,11,National,National Sundae Day
1504,11,11,National,Veterans Day
1505,11,12,National,National French Dip Day
1506,11,12,National,National Pizza with the Works Except Anchovies Day
1507,11,12,National,National Chicken Soup for the Soul Day
1508,11,13,Global,World Kindness Day
1509,11,13,National,National Indian Pudding Day
1510,11,14,Global,World Diabetes Day
1511,11,14,National,National Seat Belt Day
1512,11,14,National,National Family PJ Day
1513,11,14,National,National Pickle Day
1514,11,14,National,National Spicy Guacamole Day
1515,11,15,National,National Bundt (Pan) Day
1516,11,15,National,National Philanthropy Day
1517,11,15,National,National Clean Out Your Refrigerator Day
1518,11,15,National,National Spicy Hermit Cookie Day
1519,11,15,National,National Raisin Bran Cereal Day
1520,11,15,National,America Recycles Day
1521,11,16,Global,International Day for Tolerance
1522,11,16,National,National Fast Food Day
1523,11,16,National,National Button Day
1524,11,16,National,National Indiana Day
1525,11,17,Global,International Happy Gose Day
1526,11,17,National,National Baklava Day
1527,11,17,National,National Take A Hike Day
1528,11,17,National,National Homemade Bread Day
1529,11,18,National,National Princess Day
1530,11,18,National,National Vichyssoise Day
1531,11,18,National,Mickey Mouse Birthday
1532,11,19,Global,International Men’s Day
1533,11,19,Global,World Toilet Day
1534,11,19,National,National Carbonated Beverage With Caffeine Day
1535,11,19,National,National Play Monopoly Day
1536,11,20,Global,Universal Children’s Day
1537,11,20,National,National Peanut Butter Fudge Day
1538,11,20,National,National Absurdity Day
1539,11,20,National,National Child’s Day
1540,11,21,Global,World Television Day
1541,11,21,Global,World Hello Day
1542,11,21,Global,World Philosophy Day
1543,11,21,National,National Gingerbread Cookie Day
1544,11,21,National,National Stuffing Day
1545,11,21,National,National Red Mitten Day
1546,11,22,National,National Cranberry Relish Day
1547,11,23,Global,Fibonacci Day
1548,11,23,National,National Cashew Day
1549,11,23,National,National Eat a Cranberry Day
1550,11,23,National,National Espresso Day
1551,11,24,National,National Sardines Day
1552,11,25,Global,International Day for the Elimination of Violence Against Women Day
1553,11,25,National,National Play Day with Dad
1554,11,25,National,National Parfait Day
1555,11,25,National,Blase´Day
1556,11,25,National,Shopping Reminder Day
1557,11,26,National,National Cake Day
1558,11,27,National,National Bavarian Cream Pie Day
1559,11,27,National,National Craft Jerky Day
1560,11,28,National,National French Toast Day
1561,11,29,Global,International Day of Solidarity With The Palestinian People
1562,11,29,National,Electronic Greetings Day
1563,11,30,Global,Day of Remembrance for all Victims of Chemical Warfare
1564,11,30,National,National Personal Space Day
1565,11,30,National,National Mason Jar Day
1566,11,30,National,National Mousse Day
1567,11,30,National,National Meth Awareness Day
1568,11,30,National,Computer Security Day
1569,11,30,National,Stay Home Because You’re Well Day
1570,11,30,National,National Mississippi Day
1571,12,1,Global,World AIDS Day
1572,12,1,National,National Pie Day
1573,12,1,National,National Eat a Red Apple Day
1574,12,1,National,Bifocals at the Monitor Liberation Day
1575,12,1,National,Day With(out) Art Day
1576,12,1,National,Rosa Parks Day
1577,12,2,Global,International Day for the Abolition of Slavery
1578,12,2,National,National Fritters Day
1579,12,2,National,National Mutt Day
1580,12,2,National,Special Education Day
1581,12,3,Global,United Nations’ International Day of Persons with Disabilities
1582,12,3,National,National Roof Over Your Head Day
1583,12,4,Global,World Wildlife Conservation Day
1584,12,4,National,National Cookie Day
1585,12,4,National,National Dice Day
1586,12,4,National,National Sock Day
1587,12,5,Global,International Volunteer Day for Economic & Social Development
1588,12,5,Global,World Soil Day
1589,12,5,National,National Sacher Torte Day
1590,12,5,National,Bathtub Party Day
1591,12,5,Global,International Ninja Day
1592,12,5,National,National Repeal Day
1593,12,6,Global,St. Nicholas Day
1594,12,6,National,National Pawnbrokers Day
1595,12,6,National,National Microwave Oven Day
1596,12,6,National,National Gazpacho Day
1597,12,6,National,Miners’ Day
1598,12,7,National,National Pearl Harbor Remembrance Day
1599,12,7,National,National Illinois Day
1600,12,7,National,National Cotton Candy Day
1601,12,8,National,National Brownie Day
1602,12,8,National,Pretend To Be A Time Traveler Day
1603,12,9,Global,International Anti-corruption Day
1604,12,9,Global,International Day of Commemoration and Dignity of the Victims of the Crime of Genocide and of the Prevention of this Crime
1605,12,9,National,National Pastry Day
1606,12,9,National,Weary Willie Day
1607,12,10,Global,Nobel Prize Day
1608,12,10,Global,Human Rights Day
1609,12,10,Global,International Animal Rights Day
1610,12,10,National,Dewey Decimal System Day
1611,12,10,National,National Lager Day
1612,12,11,Global,UNICEF Birthday
1613,12,11,Global,International Mountain Day
1614,12,11,National,National App Day
1615,12,11,National,National Noodle Ring Day
1616,12,12,Global,International Day of Neutrality
1617,12,12,National,National Ambrosia Day
1618,12,12,National,National Ding-a-Ling Day
1619,12,12,National,Gingerbread House Day
1620,12,12,National,Poinsettia Day
1621,12,13,Global,International Universal Health Coverage Day
1622,12,13,National,National Cocoa Day
1623,12,13,National,National Violin Day
1624,12,13,National,National Day Of The Horse
1625,12,13,National,Pick A Pathologist Pal Day
1626,12,13,National,National Guard Birthday
1627,12,14,Global,Monkey Day
1628,12,14,National,National Bouillabaisse Day
1629,12,14,National,National Alabama Day
1630,12,14,National,Monkey Day
1631,12,15,Global,International Tea Day
1632,12,15,National,National Cupcake Day
1633,12,15,National,Bill of Rights Day
1634,12,15,National,Cat Herders Day
1635,12,15,National,National Wear Your Pearls Day
1636,12,16,National,National Chocolate-covered Anything Day
1637,12,16,National,Barbie and Barney Backlash Day
1638,12,17,National,National Maple Syrup Day
1639,12,17,National,Wright Brothers Day
1640,12,18,Global,International Migrants Day
1641,12,18,Global,Arabic Language Day
1642,12,18,National,National Twin Day
1643,12,18,National,National Roast Suckling Pig Day
1644,12,18,National,Answer The Telephone Like Buddy The Elf Day
1645,12,19,National,National Hard Candy Day
1646,12,19,National,National Oatmeal Muffin Day
1647,12,20,Global,International Human Solidarity Day
1648,12,20,National,National Sangria Day
1649,12,20,National,Mudd Day
1650,12,21,National,Crossword Puzzle Day
1651,12,21,National,Humbug Day
1652,12,21,National,National Maine Day
1653,12,21,National,Phileas Fogg Win A Wager Day
1654,12,21,National,National French Fried Shrimp Day
1655,12,22,National,National Date Nut Bread Day
1656,12,23,National,National Pfeffernusse Day
1657,12,23,National,National Roots Day
1658,12,23,National,Festivus
1659,12,24,Global,Christmas Eve
1660,12,24,National,National Eggnog Day
1661,12,25,Global,Christmas
1662,12,25,National,National Pumpkin Pie Day
1663,12,25,National,A’Phabet Day or No “L” Day
1664,12,26,Global,Boxing Day
1665,12,26,Global,Day of Goodwill
1666,12,26,National,National Candy Cane Day
1667,12,26,National,National Thank-you Note Day
1668,12,26,National,National Whiner’s Day
1669,12,27,National,National Fruitcake Day
1670,12,28,National,National Short Film Day
1671,12,28,National,National Chocolate Candy Day
1672,12,28,National,National Card Playing Day
1673,12,28,National,Holy Innocents Day
1674,12,28,National,Pledge of Allegiance Day
1675,12,29,National,National Pepper Pot Day
1676,12,29,National,Tick Tock Day
1677,12,30,National,National Bicarbonate of Soda Day
1678,12,30,National,Falling Needles Family Fest Day
1679,12,30,National,Bacon Day
1680,12,31,Global,New Year’s Eve
1681,12,31,National,National Champagne Day
1682,12,31,National,Make Up Your Mind Day
1683,12,31,National,Universal Hour of Peace
,,,,
,,,,
,,,,
,,,,
,,,,                  